<?xml version="1.0" encoding="UTF-8"?>
<project-private xmlns="http://www.netbeans.org/ns/project-private/1">
    <editor-bookmarks xmlns="http://www.netbeans.org/ns/editor-bookmarks/2" lastBookmarkId="0"/>
    <open-files xmlns="http://www.netbeans.org/ns/projectui-open-files/2">
        <group>
            <file>file:/C:/wamp64/www/webstore/mobile_desc.php</file>
            <file>file:/C:/wamp64/www/webstore/cart.php</file>
            <file>file:/C:/wamp64/www/webstore/index.php</file>
            <file>file:/C:/wamp64/www/webstore/login.php</file>
            <file>file:/C:/wamp64/www/webstore/mobile.php</file>
            <file>file:/C:/wamp64/www/webstore/settings.php</file>
        </group>
    </open-files>
</project-private>
